Price,Close,High,Low,Open,Volume
Ticker,^JKSE,^JKSE,^JKSE,^JKSE,^JKSE
Date,,,,,
2016-01-04,4525.74267578125,4603.644915066748,4525.74267578125,4579.986656825823,21276600
2016-01-05,4557.64453125,4594.1621540540245,4526.827858611902,4527.255088090763,24364900
2016-01-06,4608.80224609375,4639.05594937803,4562.3953639941665,4563.475888273048,29976300
2016-01-07,4530.271484375,4577.457631592157,4530.271484375,4573.51442606939,24018600
2016-01-08,4546.111328125,4550.730289159711,4507.238816093556,4524.686868162836,23991300
2016-01-11,4465.30908203125,4517.762118234232,4459.613502970784,4515.32617790567,19983800
2016-01-12,4512.3515625,4526.022418142029,4486.470731964574,4487.373528924541,23702200
2016-01-13,4537.00244140625,4559.332137866241,4533.504530806916,4535.702199093851,26689000
2016-01-14,4513.005859375,4526.333954969919,4456.296148015968,4492.608702417175,36253200
2016-01-15,4523.7998046875,4541.924098475707,4515.955872044517,4518.804882126796,2249218200
2016-01-18,4481.1015625,4503.687597957881,4471.069237917159,4491.1470701637645,21081300
2016-01-19,4491.5615234375,4499.399596445884,4464.553788410669,4486.412798596449,23042100
2016-01-20,4427.8125,4490.943343260907,4427.8125,4476.973672220296,26395500
2016-01-21,4413.9541015625,4462.854052915587,4408.632531435419,4447.577792289293,24323700
2016-01-22,4456.57080078125,4456.57080078125,4420.884200542508,4446.248936628682,27603800
2016-01-25,4505.61279296875,4519.420361247611,4465.033317044702,4483.431527035004,28197300
2016-01-26,4510.29248046875,4517.1926029198,4483.112872744425,4489.5183855122805,22989000
2016-01-27,4583.44921875,4583.44921875,4526.039347814081,4526.039347814081,36625500
2016-01-28,4602.650390625,4608.219022063362,4579.324147894941,4582.538866824373,31734400
2016-01-29,4614.9833984375,4618.63706477328,4568.261096508177,4611.758426347719,35913800
2016-02-01,4624.45458984375,4625.248015961912,4559.70857729058,4619.97185434169,26818600
2016-02-02,4587.25634765625,4617.793243933319,4586.120161451192,4598.763711850839,30581900
2016-02-03,4595.92919921875,4595.92919921875,4544.963407566437,4552.949913420482,23645400
2016-02-04,4665.6357421875,4668.92955961116,4606.865074853732,4606.865074853732,32515500
2016-02-05,4798.7587890625,4798.7587890625,4673.805650780264,4674.4237907533225,37635400
2016-02-09,4768.439453125,4779.619193886369,4736.384548083961,4773.581342890383,22997900
2016-02-10,4732.29833984375,4782.753403232439,4725.8234947210685,4748.350936412516,28910100
2016-02-11,4775.67431640625,4785.988857066834,4723.811585309136,4723.811585309136,36960300
2016-02-12,4714.2099609375,4771.155503011808,4710.355130194917,4757.52419653031,26882200
2016-02-15,4740.54150390625,4761.518714514124,4729.641049403054,4749.598280192018,32930700
2016-02-16,4744.8193359375,4769.820316541003,4726.407942753434,4745.807578745513,37203200
2016-02-17,4765.3212890625,4774.272112420118,4737.232539001568,4738.2334765906535,43118200
2016-02-18,4778.6083984375,4803.422376350684,4760.051990051389,4783.858194595045,47306600
2016-02-19,4697.376953125,4758.991250595938,4679.960639831751,4744.060191989054,34015700
2016-02-22,4708.43701171875,4715.436739507731,4682.199750804361,4701.226354632557,26863900
2016-02-23,4653.873046875,4722.199000563579,4628.72558824164,4715.018615998066,35293100
2016-02-24,4657.541015625,4673.6380457903915,4627.464060450645,4643.643606937862,26851200
2016-02-25,4658.14208984375,4686.382690802517,4652.680876445804,4681.809138196477,31829200
2016-02-26,4732.96435546875,4736.342153433046,4691.241861417417,4695.633779990538,27831900
2016-02-29,4770.7705078125,4774.331404476813,4722.80948250849,4738.109668697015,26304100
2016-03-01,4779.79931640625,4781.073192736936,4758.697108228436,4760.051059575693,32028500
2016-03-02,4836.00732421875,4840.558416377604,4808.059682969887,4808.675381630151,34594900
2016-03-03,4843.85009765625,4868.064973315199,4812.670161682043,4848.716607026188,38870000
2016-03-04,4850.69384765625,4860.449815256584,4802.187924765124,4844.298100716818,45127100
2016-03-07,4831.38720703125,4870.086384847961,4821.273342747127,4860.01890547776,45624500
2016-03-08,4810.85498046875,4842.478751162164,4775.886124964618,4830.862991762518,40452100
2016-03-10,4793.01611328125,4798.196575214847,4761.195089234467,4791.497129579514,33233700
2016-03-11,4813.59130859375,4813.59130859375,4776.812956035463,4784.051443611655,31534700
2016-03-14,4877.3408203125,4878.0058334769665,4835.084653421462,4838.841343059792,44561400
2016-03-15,4849.591796875,4884.07971086238,4843.73216191503,4880.684823613261,44545000
2016-03-16,4861.251953125,4861.251953125,4837.394970328835,4848.41846760865,42292200
2016-03-17,4885.498046875,4900.222572062078,4869.621710999978,4882.983984462019,49838900
2016-03-18,4885.51806640625,4908.06894747528,4858.396073992478,4889.7058918713055,51103000
2016-03-21,4884.97314453125,4905.123239945484,4865.052044119301,4871.056693454256,37618600
2016-03-22,4855.91796875,4886.23368356521,4833.516008476253,4870.705479241286,36051400
2016-03-23,4853.98681640625,4853.98681640625,4822.148212127454,4849.981112972572,42812300
2016-03-24,4826.8994140625,4849.706633589096,4817.5330786772865,4836.435176460102,34571400
2016-03-28,4773.4404296875,4813.730855758745,4757.614872962649,4809.000082615863,29163800
2016-03-29,4781.111328125,4786.027152975121,4759.898284179994,4767.3472138495845,33131800
2016-03-30,4816.46728515625,4832.930023185443,4792.070285687001,4796.967067716682,38235200
2016-03-31,4845.18212890625,4845.18212890625,4808.076642447461,4826.915751461553,50891800
2016-04-01,4842.9970703125,4844.169876114273,4819.745047876176,4843.205070009234,30942800
2016-04-04,4849.98681640625,4864.7474717713885,4838.790475293552,4839.958398539008,37038800
2016-04-05,4857.8828125,4883.493144418925,4842.973724473912,4848.658561935439,33922100
2016-04-06,4868.04052734375,4878.810127746515,4861.389907264589,4862.87178318708,47514100
2016-04-07,4867.095703125,4900.275075670711,4858.310888826468,4884.644824707805,49260900
2016-04-08,4846.51513671875,4862.615583183689,4829.256532285204,4839.4641421046435,42326600
2016-04-11,4786.78759765625,4843.441151795188,4766.629203466937,4833.166649810842,33211700
2016-04-12,4829.38525390625,4829.38525390625,4776.795992398073,4788.235488511373,37252800
2016-04-13,4852.81591796875,4856.40269236507,4831.386088366999,4846.789297171885,67431700
2016-04-14,4814.65869140625,4873.23844135163,4814.65869140625,4872.03633972826,44628800
2016-04-15,4823.38037109375,4838.828012782721,4792.952842970186,4834.712938373636,36074500
2016-04-18,4865.34521484375,4865.34521484375,4800.077730232323,4812.3912168333245,3041610200
2016-04-19,4881.740234375,4886.308904270955,4864.701834814325,4875.308355723786,44507100
2016-04-20,4876.40625,4882.948963904071,4857.5329616979125,4876.063978175615,44144900
2016-04-21,4902.89892578125,4906.637061468944,4884.652565978594,4884.731664461014,38051900
2016-04-22,4914.54541015625,4917.397349863323,4883.69163134617,4898.535291513049,39258200
2016-04-25,4878.671875,4920.211273370972,4863.1456240150155,4920.211273370972,42334500
2016-04-26,4813.9052734375,4866.195228948725,4788.188501659657,4865.960374814965,38074400
2016-04-27,4845.46923828125,4845.46923828125,4803.02167491214,4807.498551103032,47033900
2016-04-28,4848.201171875,4876.980811870459,4830.498736850054,4861.760701968716,47575300
2016-04-29,4838.39453125,4839.436482848942,4818.667272368994,4839.177703867012,37300400
2016-05-02,4808.1318359375,4835.334879440842,4770.371585867958,4828.775075989871,31240600
2016-05-03,4812.0771484375,4833.803354873349,4805.8439922391035,4818.786848615971,3420718900
2016-05-04,4822.40771484375,4822.40771484375,4765.22487957541,4808.466850628392,37196200
2016-05-09,4749.13037109375,4812.703095714412,4745.316554470258,4808.334124885195,32668900
2016-05-10,4762.9296875,4766.52818012797,4728.354862537751,4749.337931830422,31662200
2016-05-11,4799.77685546875,4811.411656053081,4770.181328899501,4780.951905343739,27307500
2016-05-12,4803.134765625,4824.9962191292225,4792.021428795376,4795.550099999088,30551600
2016-05-13,4761.529296875,4802.816750488964,4745.724248702294,4801.004809377784,34288500
2016-05-16,4731.37744140625,4748.632627659065,4720.059035279297,4745.289008093155,29534000
2016-05-17,4728.9716796875,4744.963244692808,4717.0761466445,4736.981621795221,34494500
2016-05-18,4734.17236328125,4742.886867280476,4713.532054699937,4721.711911574603,36940600
2016-05-19,4704.03369140625,4739.1397467709,4691.388187541311,4733.287923773051,30558600
2016-05-20,4711.69482421875,4722.095298942669,4690.375828496932,4698.785169662607,29906000
2016-05-23,4743.4775390625,4743.4775390625,4714.493315285933,4714.493315285933,27747200
2016-05-24,4710.60205078125,4750.175219566742,4710.60205078125,4737.978916304607,33466000
2016-05-25,4772.79150390625,4772.79150390625,4733.367743574223,4733.703179752568,36892200
2016-05-26,4784.37841796875,4784.473629100606,4761.274338234013,4777.380643908473,30609400
2016-05-27,4814.54345703125,4814.54345703125,4778.35394844491,4782.26199937281,3112906900
2016-05-30,4835.8447265625,4844.935192575001,4816.882086723233,4818.866384385431,36790900
2016-05-31,4796.68212890625,4836.183518524475,4792.014342142632,4833.529325130435,42407700
2016-06-01,4839.4794921875,4851.552264193326,4800.52104851101,4801.666023450493,27373000
2016-06-02,4833.037109375,4860.673729719391,4833.037109375,4836.3167669640125,28193100
2016-06-03,4853.73291015625,4861.1105526184165,4838.89462065094,4845.234217588648,2607634700
2016-06-06,4895.83447265625,4895.83447265625,4860.438876756568,4862.378742709273,31677400
2016-06-07,4933.796875,4933.796875,4907.315971351487,4908.054223887978,42211700
2016-06-08,4915.86962890625,4939.905802399264,4892.437435802666,4927.902363519922,37066100
2016-06-09,4876.60400390625,4918.972470862116,4876.60400390625,4912.816460635786,43300300
2016-06-10,4847.8671875,4887.397384935081,4847.8671875,4882.084603740542,77424800
2016-06-13,4807.0390625,4837.831809859969,4807.0390625,4837.831809859969,67373300
2016-06-14,4821.40234375,4833.209013505484,4792.3487861167205,4797.433549312354,62010100
2016-06-15,4814.63671875,4814.63671875,4788.89943980611,4811.038714338528,53712900
2016-06-16,4814.20361328125,4829.26308534995,4801.6850578758285,4819.047174637847,39908400
2016-06-17,4834.955078125,4837.841684640618,4806.408336490681,4825.539428590635,42528600
2016-06-20,4863.341796875,4863.341796875,4828.400283431587,4849.502490850377,43916600
2016-06-21,4878.52392578125,4889.26471853462,4868.037517654868,4873.2492288035855,51514400
2016-06-22,4896.66162109375,4899.008697785398,4876.682417610173,4876.682417610173,57228200
2016-06-23,4874.119140625,4899.306147384185,4855.861551330705,4896.6050807680795,53476900
2016-06-24,4834.380859375,4884.6049805936655,4754.172064287601,4877.856219586458,57226600
2016-06-27,4835.86328125,4846.229088182766,4795.775976455183,4803.8586692467525,38717800
2016-06-28,4881.98095703125,4890.414710933593,4835.244005877069,4835.940756112618,47765500
2016-06-29,4979.9111328125,4979.9111328125,4905.787065035536,4905.787065035536,40998400
2016-06-30,5016.4521484375,5033.046718797039,4996.200981808135,4999.683756703671,54961500
2016-07-01,4971.3876953125,5039.490026978724,4971.3876953125,5027.421648715372,40459000
2016-07-11,5068.82177734375,5080.105517896826,5018.200700512046,5021.047757680587,42889500
2016-07-12,5099.3349609375,5119.928886888752,5075.362748352062,5091.967083309249,58326000
2016-07-13,5133.7333984375,5133.7333984375,5090.389869697561,5112.786947649029,58783300
2016-07-14,5083.34130859375,5130.83116034582,5080.831152338469,5125.485665173126,52550300
2016-07-15,5109.97900390625,5130.138862480881,5090.050581621294,5090.050581621294,49941000
2016-07-18,5127.3017578125,5131.505696033079,5092.955924333963,5107.717557809314,49213200
2016-07-19,5172.62841796875,5193.695467742234,5132.701751894003,5132.701751894003,52188500
2016-07-20,5242.619140625,5242.619140625,5185.392364626992,5185.392364626992,51072100
2016-07-21,5216.77001953125,5268.662041984045,5213.785760729121,5246.095537841898,63172100
2016-07-22,5197.048828125,5215.32790228422,5179.421584080441,5214.966099950914,40604200
2016-07-25,5220.5986328125,5226.903563279163,5197.602945506034,5201.245870172012,37450800
2016-07-26,5224.19140625,5231.296109812356,5200.420360072191,5218.062738865306,50637700
2016-07-27,5274.15576171875,5301.724025703099,5245.199856378383,5245.199856378383,49296300
2016-07-28,5299.0068359375,5299.0068359375,5255.261466686854,5278.291821139323,55657300
2016-07-29,5215.791015625,5333.913368565125,5215.791015625,5300.692494357964,68556100
2016-08-01,5361.36767578125,5368.043197429545,5279.380629767852,5280.0046289388965,62344100
2016-08-02,5373.11376953125,5386.353976013575,5356.21940863237,5356.696929078574,63205300
2016-08-03,5351.669921875,5383.28783358029,5331.118962833743,5367.375366125917,59763500
2016-08-04,5373.6533203125,5389.398800281276,5357.406395047025,5364.799661534473,56277200
2016-08-05,5420.03515625,5427.306845905865,5377.209674499117,5379.902440795504,57902200
2016-08-08,5458.7666015625,5458.7666015625,5427.05689789715,5434.99457732077,61349000
2016-08-09,5440.0810546875,5476.006901318258,5428.46676101939,5459.681365391621,69806100
2016-08-10,5423.73828125,5456.911795768643,5405.680878061355,5439.546260203454,88003800
2016-08-11,5418.876953125,5455.587438179607,5397.101921842843,5437.880119649689,88527100
2016-08-12,5376.986328125,5448.85169250979,5366.131770520076,5432.620391243069,46370500
2016-08-15,5320.353515625,5396.738719826173,5296.38521222356,5389.808814344769,56913800
2016-08-16,5371.63671875,5377.212184922549,5338.432935441655,5341.725775783862,43406600
2016-08-18,5461.23779296875,5461.23779296875,5385.912597569813,5387.556576599763,51925600
2016-08-19,5415.82470703125,5470.766419751245,5415.82470703125,5467.800714680716,46129700
2016-08-22,5426.9638671875,5434.980645431762,5398.585087413275,5425.685108297085,64659600
2016-08-23,5416.9296875,5438.288720976883,5350.858035651975,5433.824050680561,59172200
2016-08-24,5403.78173828125,5418.238206526933,5385.033444992351,5406.59461701549,55692400
2016-08-25,5453.904296875,5453.904296875,5412.317533842337,5413.780855890509,48041800
2016-08-26,5438.619140625,5456.425575709179,5419.531017200149,5453.855363356684,63101200
2016-08-29,5370.5546875,5426.007602744231,5347.842194469888,5424.934402415745,54184900
2016-08-30,5362.107421875,5388.428664044903,5336.503436972063,5368.3571788642175,56546900
2016-08-31,5385.87255859375,5398.950174966223,5353.082818259602,5354.914778259211,49524600
2016-09-01,5334.33935546875,5376.433909288507,5319.877027465534,5368.3072723106025,47156400
2016-09-02,5353.2529296875,5359.700921329649,5322.835166297937,5323.366395656309,46566900
2016-09-05,5356.74560546875,5396.706940712384,5347.384641692653,5378.415660460966,49406800
2016-09-06,5371.88671875,5372.998491803502,5342.34978458289,5362.835802152392,41155400
2016-09-07,5381.14453125,5392.876984695196,5357.3134276771025,5382.00729063398,37206200
2016-09-08,5370.86865234375,5383.3261742925315,5364.40064288794,5382.853048213972,41376500
2016-09-09,5281.7109375,5358.297793377161,5281.7109375,5355.133854311495,43296700
2016-09-13,5215.36376953125,5268.333874450702,5211.663230063991,5265.90379331486,43786000
2016-09-14,5145.837890625,5189.156029581107,5127.968468635171,5188.196105988779,50757500
2016-09-15,5265.61376953125,5270.283509535424,5158.526143362752,5160.547060748498,45898400
2016-09-16,5267.56396484375,5304.883312698764,5252.050408665171,5287.216031775788,47385800
2016-09-19,5321.63330078125,5331.766206425197,5285.930103200064,5288.91582661416,33639200
2016-09-20,5302.287109375,5336.04361004766,5298.0719411513965,5323.091964930167,54051100
2016-09-21,5342.3837890625,5347.791781625184,5274.979675186914,5295.676623249357,46464800
2016-09-22,5380.052734375,5411.401123198715,5368.352018068048,5382.111247976657,47353800
2016-09-23,5388.69873046875,5388.69873046875,5355.716614131413,5375.502954360195,43903000
2016-09-26,5351.93115234375,5375.669975805911,5336.810646266368,5374.951253739718,37701800
2016-09-27,5419.39306640625,5419.39306640625,5295.452089744499,5336.3381936587675,50958300
2016-09-28,5425.1259765625,5432.772651903889,5382.0265781167,5390.551637273883,67191800
2016-09-29,5431.7451171875,5474.093562661822,5431.7451171875,5442.611880731671,69425300
2016-09-30,5364.59521484375,5437.753985947996,5364.59521484375,5412.172951238525,53630200
2016-10-03,5463.70263671875,5463.70263671875,5403.649795501636,5403.649795501636,53888800
2016-10-04,5472.103515625,5482.628007577285,5460.496058089317,5475.419304298067,53748000
2016-10-05,5420.43701171875,5459.952563806089,5399.0120642253005,5457.785655944285,65033700
2016-10-06,5409.1337890625,5447.045888262889,5389.876237520747,5428.241932354671,71799300
2016-10-07,5376.939453125,5408.986056228756,5363.2612750564895,5403.624448697868,59414300
2016-10-10,5360.61962890625,5396.937064031135,5352.60871001441,5370.794037869995,64774600
2016-10-11,5381.78759765625,5385.548193471939,5344.863741856473,5372.477901419201,84864400
2016-10-12,5364.40185546875,5380.351429423672,5350.183659375953,5364.143076487666,55480600
2016-10-13,5340.19189453125,5384.345448127165,5339.275914584928,5368.007705598437,52638100
2016-10-14,5399.67431640625,5408.559224028306,5331.87227145218,5338.490177585573,55367700
2016-10-17,5410.0927734375,5422.138203315326,5386.011678926987,5390.751240654756,61546400
2016-10-18,5429.83642578125,5446.617022382055,5422.705844055279,5424.457728965768,62742900
2016-10-19,5409.07763671875,5445.587934974488,5401.9436369352015,5436.068285821121,116737500
2016-10-20,5403.529296875,5423.132717980228,5395.136479983476,5409.629213183442,201336300
2016-10-21,5409.08251953125,5416.7912749636525,5395.262617469005,5407.0733018593255,79093700
2016-10-24,5420.83740234375,5433.179810018519,5411.720485020256,5415.316569857849,81119800
2016-10-25,5397.66064453125,5436.0437829928205,5397.66064453125,5425.945938078957,85020700
2016-10-26,5399.5888671875,5406.4906071940895,5381.614070239315,5387.610063679776,198835200
2016-10-27,5416.8359375,5427.52685546875,5403.85888671875,5405.69580078125,333149600
2016-10-28,5410.26904296875,5426.26416015625,5402.42919921875,5414.5087890625,109309200
2016-10-31,5422.5419921875,5429.06787109375,5406.0068359375,5413.56884765625,135128600
2016-11-01,5416.0068359375,5439.02783203125,5415.02978515625,5430.7451171875,80147600
2016-11-02,5405.455078125,5420.35888671875,5393.5068359375,5415.02197265625,95507600
2016-11-03,5329.501953125,5402.046875,5329.501953125,5395.87109375,71645500
2016-11-04,5362.66015625,5362.66015625,5303.35986328125,5310.7822265625,63398900
2016-11-07,5386.2080078125,5395.3251953125,5341.86181640625,5361.02392578125,83980500
2016-11-08,5470.68115234375,5476.07177734375,5407.38916015625,5407.38916015625,9734142100
2016-11-09,5414.32080078125,5491.701171875,5345.1279296875,5478.0341796875,107152200
2016-11-10,5450.30615234375,5482.10595703125,5443.73388671875,5444.041015625,86519300
2016-11-11,5231.97119140625,5380.68505859375,5231.97119140625,5380.64111328125,9788202500
2016-11-14,5115.73876953125,5196.7841796875,5043.35107421875,5194.9267578125,91613700
2016-11-15,5078.5009765625,5169.35693359375,5073.419921875,5121.47802734375,76584600
2016-11-16,5185.46484375,5201.1728515625,5112.49609375,5112.49609375,80425400
2016-11-17,5193.01513671875,5202.31494140625,5162.81201171875,5180.48193359375,75311800
2016-11-18,5170.10888671875,5196.9091796875,5139.205078125,5195.076171875,71630400
2016-11-21,5148.31884765625,5158.76318359375,5130.44287109375,5150.826171875,91116600
2016-11-22,5204.673828125,5204.673828125,5140.51904296875,5140.658203125,97703800
2016-11-23,5211.99609375,5211.99609375,5182.34521484375,5192.34619140625,86828200
2016-11-24,5107.623046875,5194.244140625,5102.4208984375,5179.22216796875,78976000
2016-11-25,5122.10400390625,5129.7529296875,5096.6708984375,5097.10791015625,84213300
2016-11-28,5114.57177734375,5120.86181640625,5091.60986328125,5111.423828125,121168300
2016-11-29,5136.6669921875,5164.580078125,5108.751953125,5108.751953125,124696800
2016-11-30,5148.91015625,5182.14208984375,5146.52490234375,5148.908203125,116497500
2016-12-01,5198.7548828125,5211.921875,5168.06884765625,5168.6337890625,109410600
2016-12-02,5245.9560546875,5250.2919921875,5199.14208984375,5207.91796875,77029900
2016-12-05,5268.30810546875,5280.32177734375,5239.89697265625,5239.89697265625,69209000
2016-12-06,5272.96484375,5288.9140625,5259.19384765625,5279.98388671875,66277100
2016-12-07,5265.3681640625,5273.51513671875,5229.7978515625,5272.10009765625,60338200
2016-12-08,5303.73388671875,5303.73388671875,5263.43505859375,5268.23876953125,65715900
2016-12-09,5308.1259765625,5308.1259765625,5284.76611328125,5297.5498046875,49814700
2016-12-13,5293.619140625,5300.7177734375,5264.73779296875,5296.19189453125,53794200
2016-12-14,5262.81689453125,5306.3369140625,5259.68115234375,5287.19287109375,51760500
2016-12-15,5254.36181640625,5266.06103515625,5210.6328125,5230.56494140625,64359300
2016-12-16,5231.65185546875,5263.005859375,5231.65185546875,5260.1259765625,58386700
2016-12-19,5191.912109375,5240.4267578125,5190.93310546875,5224.07080078125,60026700
2016-12-20,5162.47705078125,5194.72900390625,5142.39306640625,5179.18212890625,71959000
2016-12-21,5111.39208984375,5188.94580078125,5111.39208984375,5179.02587890625,54114100
2016-12-22,5042.8701171875,5120.35693359375,5032.9140625,5114.39697265625,52470700
2016-12-23,5027.7041015625,5078.23095703125,5022.84814453125,5036.2880859375,51530100
2016-12-27,5102.9541015625,5112.77587890625,5028.19921875,5028.35595703125,56151600
2016-12-28,5209.44482421875,5213.27001953125,5139.76904296875,5140.13623046875,52440100
2016-12-29,5302.56591796875,5311.615234375,5200.26513671875,5205.27099609375,54184200
2016-12-30,5296.7109375,5334.787109375,5296.7109375,5307.365234375,60042700
2017-01-03,5275.97119140625,5292.18115234375,5246.85205078125,5290.38818359375,33217000
2017-01-04,5301.18310546875,5312.9560546875,5249.23388671875,5270.01611328125,53111300
2017-01-05,5325.50390625,5328.490234375,5302.6328125,5302.6328125,77219400
2017-01-06,5347.02197265625,5350.2451171875,5318.384765625,5321.7451171875,71615300
2017-01-09,5316.36376953125,5360.06103515625,5307.5849609375,5350.8798828125,97010200
2017-01-10,5309.923828125,5331.1328125,5292.06298828125,5330.01513671875,70792500
2017-01-11,5301.23681640625,5322.97900390625,5301.23681640625,5316.15185546875,84703100
2017-01-12,5292.75,5322.419921875,5292.75,5301.0361328125,100764000
2017-01-13,5272.98291015625,5310.419921875,5272.98291015625,5299.05078125,70293600
2017-01-16,5270.01123046875,5291.49609375,5270.01123046875,5283.6181640625,73077600
2017-01-17,5266.93798828125,5287.1240234375,5265.60205078125,5266.9228515625,86901800
2017-01-18,5294.7841796875,5294.7841796875,5273.2939453125,5273.2939453125,113444600
2017-01-19,5298.9482421875,5309.9521484375,5288.5771484375,5302.2109375,85392800
2017-01-20,5254.31103515625,5293.0810546875,5243.74609375,5290.56298828125,153081800
2017-01-23,5250.9677734375,5265.44287109375,5228.2861328125,5250.634765625,147556800
2017-01-24,5292.087890625,5297.4912109375,5267.73388671875,5267.73388671875,147150800
2017-01-25,5293.7822265625,5310.6689453125,5287.1259765625,5302.8740234375,269423400
2017-01-26,5317.6328125,5327.509765625,5291.43603515625,5305.11376953125,190768100
2017-01-27,5312.83984375,5321.68017578125,5297.2548828125,5304.9638671875,142739500
2017-01-30,5302.662109375,5331.51611328125,5302.662109375,5321.55419921875,193337900
2017-01-31,5294.10302734375,5321.35498046875,5294.10302734375,5316.6689453125,191451600
2017-02-01,5327.1611328125,5341.48095703125,5317.4951171875,5319.94384765625,256731400
2017-02-02,5353.712890625,5353.712890625,5326.98681640625,5327.02001953125,165664500
2017-02-03,5360.76708984375,5366.44384765625,5354.58984375,5355.27197265625,13055400
2017-02-06,5395.9951171875,5395.9951171875,5369.44189453125,5369.52197265625,153355200
2017-02-07,5381.47509765625,5396.09912109375,5380.59814453125,5387.64794921875,171422900
2017-02-08,5361.087890625,5382.0732421875,5349.462890625,5380.10986328125,325033400
2017-02-09,5372.0771484375,5384.9560546875,5363.46923828125,5366.34423828125,258337100
2017-02-10,5371.6689453125,5400.171875,5371.6689453125,5378.916015625,167200000
2017-02-13,5409.55615234375,5418.3759765625,5388.67822265625,5396.56298828125,182414000
2017-02-14,5380.669921875,5409.35498046875,5370.494140625,5402.55810546875,142907500
2017-02-16,5377.998046875,5395.27880859375,5357.7119140625,5389.06884765625,218393700
2017-02-17,5350.93212890625,5370.3310546875,5340.85791015625,5366.85400390625,179271900
2017-02-20,5359.2880859375,5373.091796875,5351.01806640625,5358.5517578125,107921200
2017-02-21,5340.990234375,5375.69580078125,5336.8349609375,5363.61376953125,209661500
2017-02-22,5358.68310546875,5360.4140625,5331.43115234375,5353.10693359375,189512900
2017-02-23,5372.748046875,5373.63818359375,5347.85791015625,5348.35888671875,174887600
2017-02-24,5385.90576171875,5391.259765625,5370.7890625,5371.01708984375,116360700
2017-02-27,5382.8740234375,5393.662109375,5368.4228515625,5387.81689453125,102443500
2017-02-28,5386.69189453125,5405.7900390625,5386.69189453125,5390.3427734375,82270600
2017-03-01,5363.05615234375,5392.7919921875,5350.91015625,5389.16796875,80795600
2017-03-02,5408.25390625,5431.1728515625,5394.72705078125,5394.72705078125,74167000
2017-03-03,5391.21484375,5410.90283203125,5384.7890625,5402.580078125,106883400
2017-03-06,5409.81689453125,5409.81689453125,5386.8251953125,5398.0517578125,102030600
2017-03-07,5402.615234375,5427.9072265625,5386.32080078125,5416.02099609375,96160400
2017-03-08,5393.76416015625,5415.23095703125,5390.0068359375,5407.52978515625,72878500
2017-03-09,5402.38623046875,5405.587890625,5386.9970703125,5393.93896484375,69424400
2017-03-10,5390.6767578125,5415.72216796875,5369.7529296875,5414.9150390625,79484800
2017-03-13,5409.3720703125,5409.3720703125,5386.3427734375,5389.201171875,70965500
2017-03-14,5431.5849609375,5449.76318359375,5412.9619140625,5415.9501953125,82241800
2017-03-15,5432.380859375,5447.48583984375,5424.51611328125,5433.68017578125,75739600
2017-03-16,5518.2412109375,5518.2412109375,5458.419921875,5461.912109375,79972200
2017-03-17,5540.43212890625,5557.97509765625,5499.38720703125,5539.81884765625,87948800
2017-03-20,5533.9921875,5566.93212890625,5510.27490234375,5552.39404296875,83916000
2017-03-21,5543.0927734375,5554.44384765625,5525.97705078125,5541.0458984375,78762300
2017-03-22,5534.0927734375,5534.0927734375,5486.85107421875,5512.72900390625,81597500
2017-03-23,5563.7587890625,5576.66796875,5532.64794921875,5539.63818359375,71128500
2017-03-24,5567.1337890625,5581.18310546875,5546.83203125,5565.6240234375,64734100
2017-03-27,5541.2021484375,5567.43115234375,5531.326171875,5557.9248046875,62855600
2017-03-29,5592.509765625,5592.77490234375,5552.783203125,5552.783203125,72492200
2017-03-30,5592.9521484375,5592.9521484375,5555.3671875,5581.1162109375,98370200
2017-03-31,5568.10595703125,5606.02490234375,5568.10595703125,5589.52392578125,73764600
2017-04-03,5606.7890625,5616.94287109375,5581.31396484375,5583.34521484375,81392100
2017-04-04,5651.8232421875,5654.39892578125,5608.52392578125,5611.6650390625,106415400
2017-04-05,5676.97998046875,5676.97998046875,5644.7919921875,5668.001953125,83898800
2017-04-06,5680.23876953125,5680.23876953125,5645.30615234375,5668.30615234375,68797100
2017-04-07,5653.48583984375,5677.7177734375,5643.35009765625,5674.01123046875,64404200
2017-04-10,5644.298828125,5677.07080078125,5628.98486328125,5662.6689453125,72743800
2017-04-11,5627.93310546875,5658.72705078125,5621.7861328125,5647.90380859375,95131900
2017-04-12,5644.15478515625,5650.03515625,5631.7470703125,5633.97509765625,84273900
2017-04-13,5616.544921875,5660.384765625,5613.5439453125,5658.19921875,62159000
2017-04-17,5577.48681640625,5631.509765625,5577.48681640625,5624.6171875,60945800
2017-04-18,5606.51708984375,5626.52392578125,5597.1689453125,5597.666015625,69950500
2017-04-20,5595.30615234375,5619.36083984375,5590.03076171875,5609.89208984375,73938500
2017-04-21,5664.47509765625,5664.47509765625,5599.4951171875,5600.419921875,53480800
2017-04-25,5680.7958984375,5696.38916015625,5653.67578125,5690.89404296875,59697700
2017-04-26,5726.52978515625,5726.52978515625,5679.59423828125,5687.080078125,65935900
2017-04-27,5707.02783203125,5718.89501953125,5697.791015625,5708.23095703125,68662300
2017-04-28,5685.2978515625,5724.5078125,5684.58984375,5715.0849609375,57985100
2017-05-02,5675.80810546875,5714.34423828125,5675.80810546875,5703.8671875,57814800
2017-05-03,5647.3681640625,5686.8251953125,5647.3232421875,5681.59912109375,65683200
2017-05-04,5669.44287109375,5676.0087890625,5643.05419921875,5656.0908203125,66172000
2017-05-05,5683.376953125,5696.47607421875,5659.9658203125,5665.10693359375,75048200
2017-05-08,5707.86181640625,5727.4921875,5692.56103515625,5699.30078125,69605600
2017-05-09,5697.05615234375,5745.84716796875,5693.6748046875,5730.2509765625,59581000
2017-05-10,5653.0078125,5718.5869140625,5636.2041015625,5697.9560546875,73073800
2017-05-12,5675.2158203125,5698.9619140625,5668.7177734375,5680.5859375,79691200
2017-05-15,5688.8701171875,5693.9931640625,5649.083984375,5689.80517578125,61924800
2017-05-16,5646.9990234375,5696.623046875,5646.9990234375,5690.2978515625,54203300
2017-05-17,5615.4921875,5664.31689453125,5608.80322265625,5661.48193359375,53254300
2017-05-18,5645.451171875,5645.451171875,5577.52197265625,5590.47314453125,68547400
2017-05-19,5791.8837890625,5825.2080078125,5630.07177734375,5643.537109375,70741400
2017-05-22,5749.44482421875,5874.43896484375,5743.38818359375,5837.17578125,58742100
2017-05-23,5730.61279296875,5777.68701171875,5692.98388671875,5770.6171875,53659300
2017-05-24,5703.43310546875,5704.7060546875,5672.04296875,5678.39306640625,59809800
2017-05-26,5716.81494140625,5728.60498046875,5703.89013671875,5713.35400390625,57655300
2017-05-29,5712.3310546875,5730.84423828125,5703.4619140625,5728.80712890625,50129600
2017-05-30,5693.39111328125,5730.05615234375,5693.39111328125,5700.77392578125,62769800
2017-05-31,5738.15478515625,5738.15478515625,5697.81494140625,5697.81494140625,91263500
2017-06-02,5742.44580078125,5752.65576171875,5726.01416015625,5749.4208984375,64775200
2017-06-05,5748.23486328125,5765.8291015625,5737.580078125,5747.89111328125,56536500
2017-06-06,5707.8310546875,5754.2939453125,5701.658203125,5743.39501953125,61071500
2017-06-07,5717.3251953125,5735.990234375,5709.14697265625,5716.96923828125,46852400
2017-06-08,5702.921875,5725.8828125,5702.921875,5719.02978515625,45346000
2017-06-09,5675.52294921875,5704.86181640625,5669.873046875,5699.25390625,51126700
2017-06-12,5691.43603515625,5716.5361328125,5668.72216796875,5668.72216796875,37789600
2017-06-13,5707.64501953125,5715.2080078125,5693.8759765625,5694.9501953125,43934000
2017-06-14,5792.89697265625,5792.89697265625,5707.9189453125,5708.06591796875,49219200
2017-06-15,5776.283203125,5791.2041015625,5768.15380859375,5776.30078125,33694700
2017-06-16,5723.63623046875,5797.1181640625,5720.9248046875,5768.1640625,52479900
2017-06-19,5741.9091796875,5745.56787109375,5726.76708984375,5731.076171875,55163600
2017-06-20,5791.90380859375,5791.90380859375,5747.4541015625,5749.5791015625,47631600
2017-06-21,5818.5517578125,5818.5517578125,5771.576171875,5772.0859375,41419800
2017-06-22,5829.7080078125,5831.33984375,5804.60302734375,5830.97802734375,36295400
2017-07-03,5910.23681640625,5910.23681640625,5831.2041015625,5846.60302734375,47327700
2017-07-04,5865.36376953125,5896.3701171875,5858.61376953125,5886.72021484375,38141000
2017-07-05,5825.05419921875,5874.68505859375,5808.34521484375,5865.4248046875,45875400
2017-07-06,5849.5751953125,5852.34423828125,5817.39111328125,5817.794921875,40285800
2017-07-07,5814.79296875,5863.5849609375,5810.36181640625,5839.88818359375,36388600
2017-07-10,5771.505859375,5826.31396484375,5769.3388671875,5814.79296875,29086900
2017-07-11,5773.326171875,5784.0810546875,5765.36279296875,5772.97998046875,50424600
2017-07-12,5819.1318359375,5827.1318359375,5771.47314453125,5771.47314453125,43977100
2017-07-13,5830.0439453125,5843.17578125,5809.40185546875,5839.39794921875,41691200
2017-07-14,5831.794921875,5833.7587890625,5804.43603515625,5827.548828125,35734600
2017-07-17,5841.27978515625,5841.27978515625,5824.26416015625,5831.02392578125,49922900
2017-07-18,5822.35205078125,5831.69384765625,5806.60302734375,5824.93212890625,53830100
2017-07-19,5806.68994140625,5822.48193359375,5797.34619140625,5822.23681640625,43518400
2017-07-20,5825.2080078125,5828.14013671875,5808.1162109375,5808.8818359375,43771900
2017-07-21,5765.423828125,5831.462890625,5760.958984375,5824.52587890625,40711100
2017-07-24,5801.5869140625,5801.5869140625,5756.51318359375,5760.083984375,49340900
2017-07-25,5813.53515625,5813.53515625,5780.48486328125,5805.59716796875,46895400
2017-07-26,5800.2060546875,5831.64013671875,5785.89990234375,5809.89306640625,56453600
2017-07-27,5819.744140625,5820.962890625,5805.9228515625,5807.27587890625,49848700
2017-07-28,5831.02685546875,5831.02685546875,5804.794921875,5822.80712890625,63785400
2017-07-31,5840.93896484375,5847.2451171875,5816.52978515625,5820.01123046875,52731300
2017-08-01,5805.205078125,5858.93408203125,5805.205078125,5853.505859375,69809900
2017-08-02,5824.2490234375,5824.2490234375,5792.1669921875,5815.06591796875,51290400
2017-08-03,5780.576171875,5825.0517578125,5780.576171875,5818.55517578125,44658800
2017-08-04,5777.48193359375,5800.12890625,5769.39794921875,5775.9208984375,39744400
2017-08-07,5749.2919921875,5812.791015625,5749.2919921875,5780.89404296875,42147500
2017-08-08,5810.56298828125,5810.56298828125,5755.044921875,5755.044921875,48403600
2017-08-09,5824.0068359375,5824.0068359375,5792.77783203125,5813.60400390625,55021100
2017-08-10,5825.94580078125,5833.85791015625,5810.76123046875,5828.5419921875,56586000
2017-08-11,5766.13818359375,5812.90576171875,5756.462890625,5812.24609375,55175200
2017-08-14,5801.48779296875,5812.87109375,5780.69921875,5780.69921875,48743500
2017-08-15,5835.041015625,5842.8349609375,5808.26123046875,5808.64599609375,62419400
2017-08-16,5891.94921875,5891.94921875,5836.14794921875,5842.56005859375,57886400
2017-08-18,5893.8408203125,5912.1162109375,5869.1318359375,5879.67919921875,46506900
2017-08-21,5861.00390625,5901.58203125,5855.23583984375,5893.416015625,42745100
2017-08-22,5880.296875,5885.59619140625,5862.47607421875,5862.5927734375,58668100
2017-08-23,5914.02392578125,5914.02392578125,5881.7548828125,5900.40087890625,77528100
2017-08-24,5894.1171875,5916.82080078125,5874.27685546875,5914.09814453125,86700500
2017-08-25,5915.36279296875,5915.36279296875,5880.02001953125,5906.119140625,64107900
2017-08-28,5903.3408203125,5914.47998046875,5890.48095703125,5904.369140625,86874800
2017-08-29,5888.2119140625,5902.60986328125,5865.4091796875,5899.74609375,57947400
2017-08-30,5872.505859375,5893.90380859375,5863.14599609375,5888.4267578125,51307600
2017-08-31,5864.05908203125,5881.73583984375,5845.27392578125,5873.73095703125,63529600
2017-09-04,5813.7412109375,5861.60009765625,5806.31689453125,5858.2099609375,50726200
2017-09-05,5829.97900390625,5834.18408203125,5774.30712890625,5823.01318359375,64988500
2017-09-06,5824.13818359375,5831.47998046875,5803.123046875,5809.30615234375,61681800
2017-09-07,5832.31103515625,5835.8779296875,5810.48388671875,5824.51513671875,50424900
2017-09-08,5857.119140625,5866.98876953125,5819.52880859375,5825.1220703125,46573100
2017-09-11,5871.880859375,5883.951171875,5858.2421875,5863.423828125,51533200
2017-09-12,5872.376953125,5884.15087890625,5861.53515625,5877.2451171875,59543200
2017-09-13,5845.73388671875,5881.69482421875,5840.91796875,5860.48779296875,67508200
2017-09-14,5852.001953125,5867.20703125,5841.39794921875,5849.72314453125,73420600
2017-09-15,5872.39208984375,5875.52978515625,5831.18017578125,5854.44580078125,62775100
2017-09-18,5884.61083984375,5884.61083984375,5851.22509765625,5875.11181640625,51691500
2017-09-19,5901.326171875,5901.326171875,5868.337890625,5885.212890625,57340500
2017-09-20,5906.5732421875,5908.85791015625,5885.83203125,5902.2080078125,59948400
2017-09-22,5911.7080078125,5928.7861328125,5883.56591796875,5905.22509765625,50278100
2017-09-25,5894.61181640625,5918.0859375,5882.94384765625,5910.1611328125,46527500
2017-09-26,5863.9619140625,5904.9541015625,5859.84814453125,5897.01318359375,59271800
2017-09-27,5863.02685546875,5873.02783203125,5841.02197265625,5872.58984375,53676700
2017-09-28,5841.046875,5866.60693359375,5839.5908203125,5860.5498046875,60274300
2017-09-29,5900.85400390625,5907.43798828125,5851.7001953125,5855.0791015625,50217900
2017-10-02,5914.02978515625,5936.13818359375,5909.10791015625,5917.751953125,48741000
2017-10-03,5939.453125,5953.47607421875,5899.533203125,5915.42919921875,60605100
2017-10-04,5951.47509765625,5967.119140625,5946.64306640625,5952.37890625,58319800
2017-10-05,5901.90576171875,5956.39794921875,5901.90576171875,5954.72509765625,56536700
2017-10-06,5905.3779296875,5922.748046875,5894.23876953125,5922.11181640625,46067100
2017-10-09,5914.93310546875,5926.376953125,5902.46484375,5906.71484375,41022200
2017-10-10,5905.76220703125,5927.68408203125,5896.4580078125,5918.12890625,47250700
2017-10-11,5882.787109375,5906.134765625,5860.76123046875,5900.72900390625,47636200
2017-10-12,5926.2041015625,5932.0068359375,5883.49609375,5886.4248046875,73889100
2017-10-13,5924.1240234375,5947.86376953125,5915.134765625,5926.02587890625,66819100
2017-10-16,5949.701171875,5956.9541015625,5927.98583984375,5927.98583984375,71106000
2017-10-17,5947.330078125,5961.51220703125,5922.06982421875,5957.580078125,51689400
2017-10-18,5929.201171875,5958.0009765625,5903.6162109375,5955.205078125,71998500
2017-10-19,5910.52978515625,5934.6767578125,5903.865234375,5927.73193359375,74254100
2017-10-20,5929.548828125,5959.578125,5918.5322265625,5923.078125,63590000
2017-10-23,5950.02587890625,5965.98681640625,5945.3291015625,5946.15478515625,77697000
2017-10-24,5952.076171875,5974.2001953125,5949.328125,5955.26513671875,80765300
2017-10-25,6025.43408203125,6025.43408203125,5961.7470703125,5962.0322265625,63953500
2017-10-26,5995.84716796875,6042.44921875,5995.84716796875,6018.27099609375,59713900
2017-10-27,5975.28076171875,6020.2919921875,5969.77978515625,5998.1728515625,48687400
2017-10-30,5974.0771484375,6008.630859375,5969.2109375,5990.19482421875,58489300
2017-10-31,6005.7841796875,6034.6181640625,5989.85888671875,6034.3818359375,54137200
2017-11-01,6038.14599609375,6038.990234375,6008.369140625,6017.0419921875,54590800
2017-11-02,6031.10693359375,6082.22802734375,6031.10693359375,6052.02880859375,54973300
2017-11-03,6039.541015625,6046.26220703125,5989.67919921875,6044.7939453125,46256000
2017-11-06,6050.8232421875,6062.06494140625,6025.0732421875,6031.51806640625,60106200
2017-11-07,6060.453125,6065.28515625,6047.26513671875,6055.74609375,48839400
2017-11-08,6049.3837890625,6069.76513671875,6033.55322265625,6052.98779296875,69448300
2017-11-09,6042.4599609375,6071.541015625,6039.85986328125,6055.548828125,55020000
2017-11-10,6021.828125,6054.5341796875,6020.455078125,6044.2822265625,52158500
2017-11-13,6021.4560546875,6045.48583984375,6016.98681640625,6020.7490234375,52371100
2017-11-14,5988.2919921875,6039.296875,5988.2919921875,6019.10595703125,61832000
2017-11-15,5972.31103515625,6012.658203125,5972.31103515625,6001.91796875,71148600
2017-11-16,6037.9072265625,6054.2412109375,5984.7041015625,5985.6259765625,53679500
2017-11-17,6051.73193359375,6092.35205078125,6049.95703125,6052.51123046875,50404200
2017-11-20,6053.2822265625,6098.77880859375,6053.2822265625,6066.7470703125,52184800
2017-11-21,6031.86181640625,6076.22705078125,6008.68505859375,6062.23388671875,55320400
2017-11-22,6069.78515625,6071.33984375,6038.73681640625,6039.0859375,63604500
2017-11-23,6063.2451171875,6090.64306640625,6056.125,6081.4189453125,64708300
2017-11-24,6067.14208984375,6069.85400390625,6035.2529296875,6064.6728515625,55260100
2017-11-27,6064.5888671875,6072.48681640625,6035.923828125,6059.7080078125,58933800
2017-11-28,6070.7158203125,6070.7158203125,6015.908203125,6055.10009765625,64775900
2017-11-29,6061.3671875,6073.89892578125,6045.3369140625,6066.43115234375,62226800
2017-11-30,5952.13818359375,6058.59521484375,5952.13818359375,6053.02587890625,92104400
2017-12-01,5952.13818359375,6058.59521484375,5952.13818359375,6053.02587890625,0
2017-12-04,5998.19482421875,6031.921875,5994.34814453125,6014.06201171875,64002400
2017-12-05,6000.47412109375,6026.412109375,5979.47998046875,6021.0849609375,65146500
2017-12-06,6035.5078125,6044.3349609375,6001.0859375,6002.5400390625,49403800
2017-12-07,6006.8349609375,6039.294921875,6006.8349609375,6032.05419921875,48461900
2017-12-08,6030.9580078125,6041.1328125,6013.75,6017.962890625,51772100
2017-12-11,6026.6328125,6052.51513671875,6024.037109375,6043.34521484375,55665900
2017-12-12,6032.37109375,6042.0029296875,6012.98095703125,6038.43212890625,52951400
2017-12-13,6054.60400390625,6054.60400390625,6020.10888671875,6027.44091796875,54220300
2017-12-14,6113.65283203125,6117.1259765625,6061.0859375,6065.30810546875,65223300
2017-12-15,6119.4189453125,6119.4189453125,6075.88720703125,6098.8349609375,54744800
2017-12-18,6133.962890625,6133.962890625,6080.15380859375,6111.68408203125,49833300
2017-12-19,6167.666015625,6176.4501953125,6110.28076171875,6113.091796875,54873700
2017-12-20,6109.48193359375,6167.43310546875,6088.56201171875,6165.60400390625,57345000
2017-12-21,6183.39111328125,6183.39111328125,6126.7861328125,6129.533203125,50733000
2017-12-22,6221.01318359375,6221.01318359375,6167.0380859375,6181.85986328125,43710700
2017-12-27,6277.1650390625,6277.1650390625,6214.2587890625,6214.2587890625,43398400
2017-12-28,6314.0458984375,6314.0458984375,6259.60791015625,6282.44091796875,57218200
2017-12-29,6355.65380859375,6368.32177734375,6321.0927734375,6325.62109375,63985200
2018-01-02,6339.23779296875,6445.91015625,6326.0927734375,6366.0830078125,52168200
2018-01-03,6251.47900390625,6342.19091796875,6220.69482421875,6341.27099609375,48866400
2018-01-04,6292.32080078125,6292.32080078125,6233.93701171875,6257.716796875,57864900
2018-01-05,6353.73779296875,6353.73779296875,6278.72412109375,6279.45703125,74223700
2018-01-08,6385.40380859375,6385.40380859375,6349.0419921875,6354.36181640625,66702400
2018-01-09,6373.14404296875,6402.744140625,6351.23291015625,6393.8740234375,66932000
2018-01-10,6371.173828125,6412.02880859375,6355.21923828125,6380.91796875,70066900
2018-01-11,6386.3388671875,6386.3388671875,6344.0400390625,6375.03076171875,117346700
2018-01-12,6370.06494140625,6409.1748046875,6359.83203125,6391.466796875,86340200
2018-01-15,6382.19482421875,6390.88916015625,6361.60986328125,6379.0732421875,73531200
2018-01-16,6429.69189453125,6429.69189453125,6381.31005859375,6386.216796875,81954500
2018-01-17,6444.51806640625,6452.5068359375,6420.06005859375,6429.77294921875,86927700
2018-01-18,6472.666015625,6483.26904296875,6452.05419921875,6456.89892578125,111698100
2018-01-19,6490.89599609375,6490.89599609375,6443.009765625,6483.8330078125,70168900
2018-01-22,6500.52880859375,6529.201171875,6484.12109375,6495.3837890625,87812600
2018-01-23,6635.333984375,6635.333984375,6537.078125,6538.01318359375,85330100
2018-01-24,6615.4921875,6641.1728515625,6588.625,6635.7587890625,116046200
2018-01-25,6615.328125,6636.5859375,6581.6728515625,6629.3681640625,121967500
2018-01-26,6660.6181640625,6677.3662109375,6615.8662109375,6616.1259765625,102507800
2018-01-29,6680.619140625,6686.34716796875,6634.88818359375,6672.990234375,99262500
2018-01-30,6575.4921875,6675.759765625,6546.64599609375,6666.8271484375,99970800
2018-01-31,6605.630859375,6627.8349609375,6522.6611328125,6547.98681640625,113846700
2018-02-01,6598.458984375,6658.876953125,6598.458984375,6625.35400390625,119722100
2018-02-02,6628.81982421875,6655.61279296875,6621.44287109375,6638.1630859375,88106200
2018-02-05,6589.6748046875,6612.451171875,6522.544921875,6556.67919921875,97541600
2018-02-06,6478.54296875,6519.291015625,6426.76416015625,6505.19287109375,139033900
2018-02-07,6534.869140625,6582.51123046875,6512.07177734375,6525.56298828125,117224500
2018-02-08,6544.6337890625,6549.17919921875,6519.09423828125,6543.625,106322700
2018-02-09,6505.52294921875,6505.52294921875,6460.64306640625,6491.2861328125,95625500
2018-02-12,6523.4541015625,6531.56005859375,6498.68798828125,6508.0517578125,118793800
2018-02-13,6578.17822265625,6595.89599609375,6544.671875,6545.0,102882100
2018-02-14,6594.40087890625,6599.31103515625,6572.4990234375,6577.11083984375,77060800
2018-02-15,6591.58203125,6624.626953125,6583.18603515625,6615.90380859375,85432100
2018-02-19,6689.287109375,6689.287109375,6607.9072265625,6610.73291015625,96729300
2018-02-20,6662.8759765625,6693.4658203125,6625.7421875,6687.23095703125,129364100
2018-02-21,6643.39990234375,6665.89306640625,6614.23388671875,6649.17919921875,179201300
2018-02-22,6593.06005859375,6648.751953125,6586.31103515625,6646.34716796875,107066100
2018-02-23,6619.80419921875,6659.26123046875,6608.5341796875,6608.5341796875,93737300
2018-02-26,6554.6728515625,6624.02001953125,6554.6728515625,6615.3740234375,97778800
2018-02-27,6598.92578125,6598.92578125,6562.83984375,6573.69580078125,107099600
2018-02-28,6597.2177734375,6609.40380859375,6564.48193359375,6595.85986328125,97106200
2018-03-01,6606.05322265625,6630.12890625,6596.8720703125,6605.31396484375,92351900
2018-03-02,6582.31591796875,6597.7099609375,6561.044921875,6597.7099609375,82306900
2018-03-05,6550.5927734375,6607.1650390625,6543.6611328125,6594.51611328125,77760400
2018-03-06,6500.11083984375,6589.72119140625,6492.951171875,6577.17919921875,77769000
2018-03-07,6368.26708984375,6516.88818359375,6346.6650390625,6500.9638671875,108599800
2018-03-08,6443.02099609375,6443.05908203125,6371.97216796875,6410.708984375,87324300
2018-03-09,6433.32177734375,6459.03076171875,6382.89306640625,6448.19384765625,73609100
2018-03-12,6500.68603515625,6500.68603515625,6459.32080078125,6459.32080078125,76177600
2018-03-13,6412.84619140625,6501.130859375,6399.39111328125,6497.4638671875,82608900
2018-03-14,6382.623046875,6412.74609375,6363.630859375,6410.88818359375,86246600
2018-03-15,6321.90380859375,6372.091796875,6316.2099609375,6366.93017578125,82187500
2018-03-16,6304.9521484375,6328.7890625,6236.23876953125,6323.4130859375,88297100
2018-03-19,6289.57177734375,6319.65185546875,6277.7587890625,6315.33203125,77658600
2018-03-20,6243.5771484375,6271.716796875,6207.16796875,6266.5810546875,76662600
2018-03-21,6312.8310546875,6315.06689453125,6260.06689453125,6260.18505859375,89583500
2018-03-22,6254.07421875,6351.30810546875,6252.97509765625,6331.97998046875,77992400
2018-03-23,6210.6982421875,6210.6982421875,6085.205078125,6138.10888671875,75539100
2018-03-26,6200.171875,6205.5732421875,6167.3388671875,6178.72802734375,62145400
2018-03-27,6209.35009765625,6274.298828125,6188.60791015625,6246.22802734375,70878900
2018-03-28,6140.8369140625,6197.005859375,6116.88720703125,6195.47705078125,61446800
2018-03-29,6188.98681640625,6188.98681640625,6101.76513671875,6153.64501953125,59162000
2018-04-02,6240.57080078125,6240.57080078125,6168.373046875,6194.51318359375,58966000
2018-04-03,6229.01318359375,6234.56884765625,6202.12890625,6212.76708984375,61788600
2018-04-04,6157.09619140625,6250.14208984375,6137.162109375,6240.98388671875,72730600
2018-04-05,6183.22705078125,6211.87109375,6176.7041015625,6194.10107421875,62063900
2018-04-06,6175.0517578125,6192.4228515625,6165.205078125,6184.8701171875,59659700
2018-04-09,6246.130859375,6246.130859375,6178.1767578125,6179.380859375,64251100
2018-04-10,6325.81787109375,6334.47021484375,6243.0,6244.35205078125,63897300
2018-04-11,6360.93212890625,6380.35400390625,6349.64208984375,6352.60498046875,72747400
2018-04-12,6310.8017578125,6356.14599609375,6289.86376953125,6351.046875,65143600
2018-04-13,6270.3271484375,6335.205078125,6270.3271484375,6322.94677734375,55764300
2018-04-16,6286.748046875,6305.03076171875,6262.23876953125,6279.6328125,56984800
2018-04-17,6285.76220703125,6303.97119140625,6259.5927734375,6290.86376953125,89647000
2018-04-18,6320.0048828125,6320.0048828125,6297.94677734375,6302.97900390625,79669800
2018-04-19,6355.90087890625,6355.90087890625,6319.576171875,6321.22412109375,75020900
2018-04-20,6337.69482421875,6360.31591796875,6314.2021484375,6355.99609375,60183000
2018-04-23,6308.14794921875,6335.44921875,6298.37890625,6328.64599609375,62110600
2018-04-24,6229.634765625,6316.703125,6225.5478515625,6313.72314453125,58631000
2018-04-25,6079.85009765625,6220.0380859375,6070.7900390625,6219.76416015625,58356100
2018-04-26,5909.1982421875,6089.09521484375,5894.15478515625,6080.3837890625,67664100
2018-04-27,5919.23779296875,5997.5009765625,5885.341796875,5968.876953125,55164900
2018-04-30,5994.59521484375,6005.87890625,5936.52685546875,5937.0751953125,59188600
2018-05-02,6012.23779296875,6012.93896484375,5970.39892578125,5999.36181640625,67805700
2018-05-03,5858.73193359375,5996.48583984375,5858.73193359375,5990.1611328125,61109700
2018-05-04,5792.34521484375,5855.10595703125,5768.3837890625,5849.30908203125,52388700
2018-05-07,5885.09814453125,5885.09814453125,5808.18896484375,5814.9560546875,52856100
2018-05-08,5774.7158203125,5866.0791015625,5752.80078125,5862.77978515625,57813800
2018-05-09,5907.93798828125,5917.81689453125,5716.64599609375,5734.18017578125,66282300
2018-05-11,5956.83203125,6023.041015625,5921.19384765625,5923.0927734375,66776200
2018-05-14,5947.15478515625,5947.15478515625,5853.43896484375,5933.4609375,56191400
2018-05-15,5838.1162109375,5940.421875,5833.634765625,5926.0771484375,64487000
2018-05-16,5841.4638671875,5841.4638671875,5738.578125,5780.8779296875,62283300
2018-05-17,5815.919921875,5898.2978515625,5815.919921875,5854.869140625,67370600
2018-05-18,5783.31005859375,5843.451171875,5783.31005859375,5831.0517578125,55495900
2018-05-21,5733.85400390625,5786.39111328125,5719.47509765625,5779.2421875,63717500
2018-05-22,5751.119140625,5813.42919921875,5751.119140625,5767.6279296875,67420300
2018-05-23,5792.0009765625,5850.5390625,5764.31201171875,5764.4189453125,60646300
2018-05-24,5946.5380859375,5954.30810546875,5833.35302734375,5833.6162109375,71497000
2018-05-25,5975.7421875,6003.244140625,5949.52197265625,5957.42578125,58672900
2018-05-28,6068.3251953125,6080.5068359375,5977.00390625,5979.6201171875,66767100
2018-05-30,6011.05517578125,6095.828125,6001.8017578125,6037.43408203125,76998100
2018-05-31,5983.5869140625,6055.01513671875,5934.80419921875,6037.26220703125,91923400
2018-06-04,6014.81884765625,6032.9931640625,6001.201171875,6004.119140625,77906000
2018-06-05,6088.7900390625,6088.7900390625,6025.55712890625,6031.3701171875,71163800
2018-06-06,6069.712890625,6096.72314453125,6063.3349609375,6083.9208984375,68433200
2018-06-07,6106.6982421875,6116.43310546875,6077.85595703125,6090.97509765625,61086000
2018-06-08,5993.626953125,6096.6572265625,5987.3291015625,6083.33203125,53952100
2018-06-20,5884.0390625,5947.7841796875,5834.134765625,5941.7939453125,62441700
2018-06-21,5822.3330078125,5922.7021484375,5815.453125,5890.06494140625,51405000
2018-06-22,5821.81201171875,5837.65283203125,5787.68212890625,5820.18798828125,58773500
2018-06-25,5859.0830078125,5891.48193359375,5801.59423828125,5850.31396484375,54948400
2018-06-26,5825.64892578125,5878.037109375,5820.751953125,5831.59521484375,59068400
2018-06-27,5787.5517578125,5859.60302734375,5787.5517578125,5832.5849609375,55552900
2018-06-28,5667.31884765625,5801.34912109375,5661.0078125,5791.5830078125,60061700
2018-06-29,5799.23681640625,5799.23681640625,5682.658203125,5691.68603515625,65331400
2018-07-02,5746.77001953125,5832.22216796875,5746.77001953125,5828.4951171875,48029600
2018-07-03,5633.93701171875,5752.31787109375,5630.10009765625,5737.35498046875,49554000
2018-07-04,5733.63916015625,5738.92578125,5557.55810546875,5640.56298828125,56623500
2018-07-05,5739.33203125,5739.33203125,5685.751953125,5727.912109375,51660500
2018-07-06,5694.912109375,5743.35986328125,5694.912109375,5733.130859375,46286700
2018-07-09,5807.375,5815.44677734375,5716.39404296875,5719.85693359375,52683800
2018-07-10,5881.759765625,5888.5927734375,5829.68115234375,5839.0361328125,53761000
2018-07-11,5893.35888671875,5897.95703125,5822.751953125,5842.990234375,62397700
2018-07-12,5907.8720703125,5931.51904296875,5873.048828125,5873.048828125,57014300
2018-07-13,5944.07421875,5961.3369140625,5908.47802734375,5908.47802734375,54856000
2018-07-16,5905.158203125,5956.796875,5847.3408203125,5941.912109375,46500100
2018-07-17,5861.5078125,5884.7998046875,5840.93701171875,5881.791015625,52518200
2018-07-18,5890.73095703125,5899.65283203125,5858.97509765625,5868.87109375,69005100
2018-07-19,5871.0771484375,5920.92919921875,5857.14306640625,5902.02587890625,61506700
2018-07-20,5872.7841796875,5884.6337890625,5842.93017578125,5867.80810546875,56088500
2018-07-23,5915.7958984375,5928.080078125,5884.97607421875,5886.51611328125,51917100
2018-07-24,5931.841796875,5945.85009765625,5925.0498046875,5934.408203125,59374900
2018-07-25,5933.88916015625,5947.501953125,5923.2001953125,5941.1298828125,84148200
2018-07-26,5946.13623046875,5967.59521484375,5928.7431640625,5949.6572265625,82412300
2018-07-27,5989.13623046875,5992.05322265625,5947.06005859375,5947.35595703125,65570700
2018-07-30,6027.93603515625,6027.93603515625,5994.0791015625,5998.09716796875,72156300
2018-07-31,5936.44287109375,6013.86376953125,5910.52880859375,6012.9267578125,86530400
2018-08-01,6033.4189453125,6034.548828125,5945.44287109375,5952.93896484375,59853600
2018-08-02,6011.72314453125,6055.06689453125,6011.72314453125,6039.5869140625,77818300
2018-08-03,6007.5380859375,6023.47509765625,5994.04296875,6014.796875,57227000
2018-08-06,6101.130859375,6102.5390625,6025.42578125,6025.60693359375,66226000
2018-08-07,6091.25,6113.9912109375,6079.47998046875,6100.0029296875,60294800
2018-08-08,6094.8291015625,6117.29296875,6081.6337890625,6110.8408203125,64676700
2018-08-09,6065.255859375,6105.91796875,6055.26904296875,6084.751953125,62375600
2018-08-10,6077.1728515625,6107.69580078125,6059.98876953125,6084.8017578125,52870700
2018-08-13,5861.24609375,6034.56005859375,5861.24609375,6029.46923828125,60906300
2018-08-14,5769.873046875,5890.98876953125,5744.5751953125,5850.71923828125,56998100
2018-08-15,5816.58984375,5819.64208984375,5689.93603515625,5782.3818359375,62023800
2018-08-16,5783.7978515625,5811.625,5743.4951171875,5788.06298828125,53443300
2018-08-20,5892.19189453125,5919.33203125,5833.5390625,5833.5390625,55005100
2018-08-21,5944.30078125,5953.9072265625,5899.2978515625,5899.2978515625,59014700
2018-08-23,5982.98486328125,5991.298828125,5934.2900390625,5962.10107421875,53558900
2018-08-24,5968.75,5993.60498046875,5949.60791015625,5975.4150390625,49474100
2018-08-27,6025.9677734375,6025.9677734375,5993.703125,5993.76318359375,65676000
2018-08-28,6042.64990234375,6065.25390625,6023.22119140625,6042.89111328125,59104800
2018-08-29,6065.14892578125,6065.14892578125,6003.494140625,6025.60205078125,63016700
2018-08-30,6018.9638671875,6086.94384765625,6013.373046875,6075.27001953125,58498700
2018-08-31,6018.4599609375,6018.4599609375,5940.64892578125,5984.9619140625,59513900
2018-09-03,5967.5791015625,6026.9150390625,5954.92822265625,6025.4111328125,44310800
2018-09-04,5905.30078125,5978.72998046875,5889.09521484375,5974.76318359375,53980900
2018-09-05,5683.5009765625,5868.77587890625,5621.60400390625,5868.77587890625,71761700
2018-09-06,5776.09521484375,5786.6650390625,5660.865234375,5661.9638671875,57940400
2018-09-07,5851.46484375,5851.46484375,5769.251953125,5780.80615234375,54320700
2018-09-10,5831.1171875,5840.8671875,5776.01513671875,5835.3759765625,53873400
2018-09-12,5798.15087890625,5870.59912109375,5798.15087890625,5839.31494140625,61414500
2018-09-13,5858.27392578125,5865.06884765625,5834.76513671875,5834.76513671875,66435500
2018-09-14,5931.28076171875,5931.28076171875,5870.98486328125,5870.98486328125,56571400
2018-09-17,5824.2568359375,5911.65283203125,5811.919921875,5908.42578125,59608300
2018-09-18,5811.7900390625,5844.951171875,5781.2890625,5818.72021484375,70975800
2018-09-19,5873.59716796875,5882.66015625,5835.794921875,5835.794921875,69601100
2018-09-20,5931.26611328125,5941.01513671875,5897.59814453125,5898.48193359375,70876500
2018-09-21,5957.744140625,5975.169921875,5935.0380859375,5956.4990234375,86255700
2018-09-24,5882.22021484375,5958.56787109375,5876.64892578125,5958.56787109375,68687600
2018-09-25,5874.298828125,5895.02001953125,5850.75,5875.158203125,65935500
2018-09-26,5873.27099609375,5908.5888671875,5870.2998046875,5871.55810546875,75063400
2018-09-27,5929.2158203125,5931.72412109375,5870.5380859375,5871.43505859375,59721100
2018-09-28,5976.55322265625,5976.55322265625,5930.60498046875,5930.60498046875,62677100
2018-10-01,5944.60107421875,5982.06494140625,5944.60107421875,5950.85791015625,60605000
2018-10-02,5875.619140625,5956.77783203125,5862.955078125,5947.25,87701600
2018-10-03,5867.73681640625,5921.56689453125,5848.162109375,5874.4951171875,72943100
2018-10-04,5756.619140625,5847.59912109375,5742.30810546875,5847.59912109375,87537800
2018-10-05,5731.93505859375,5758.27001953125,5706.39892578125,5738.59423828125,64862100
2018-10-08,5761.0732421875,5794.43212890625,5728.63818359375,5728.6982421875,73665700
2018-10-09,5796.7900390625,5796.7900390625,5756.2421875,5771.9169921875,64525600
2018-10-10,5820.66796875,5832.92822265625,5798.7431640625,5815.2861328125,68341300
2018-10-11,5702.82177734375,5746.2431640625,5669.72314453125,5733.99609375,90536700
2018-10-12,5756.490234375,5788.68017578125,5722.48681640625,5722.48681640625,60181200
2018-10-15,5727.255859375,5816.04296875,5725.580078125,5786.6640625,65107300
2018-10-16,5800.81689453125,5800.81689453125,5719.5087890625,5737.94189453125,64884300
2018-10-17,5868.6201171875,5868.6201171875,5819.1748046875,5833.2529296875,64580100
2018-10-18,5845.2421875,5858.7880859375,5811.9248046875,5850.1240234375,62773900
2018-10-19,5837.291015625,5861.990234375,5796.7841796875,5810.1298828125,63540800
2018-10-22,5840.43505859375,5869.65185546875,5827.6298828125,5841.4189453125,68594500
2018-10-23,5797.89111328125,5848.0439453125,5797.3359375,5838.69091796875,61556000
2018-10-24,5709.4169921875,5818.83984375,5709.4169921875,5795.7509765625,71593900
2018-10-25,5754.96484375,5754.96484375,5623.8427734375,5629.9501953125,51569200
2018-10-26,5784.9208984375,5790.953125,5748.61376953125,5761.451171875,52533300
2018-10-29,5754.60693359375,5814.67919921875,5747.0341796875,5788.9248046875,49595700
2018-10-30,5789.10009765625,5789.10009765625,5733.240234375,5755.02001953125,59748100
2018-10-31,5831.64990234375,5835.173828125,5769.544921875,5817.4921875,69910100
2018-11-01,5835.919921875,5883.22021484375,5815.7568359375,5855.22216796875,63198100
2018-11-02,5906.2919921875,5906.2919921875,5827.15380859375,5873.0068359375,67022200
2018-11-05,5920.59423828125,5926.634765625,5886.2060546875,5895.2431640625,53671600
2018-11-06,5923.93017578125,5959.9658203125,5898.56396484375,5942.32177734375,53343100
2018-11-07,5939.88623046875,5947.60888671875,5891.14013671875,5942.22314453125,62481200
2018-11-08,5976.80615234375,5996.8408203125,5949.51611328125,5972.3271484375,73188500
2018-11-09,5874.15380859375,5936.0341796875,5859.087890625,5934.17822265625,65342000
2018-11-12,5777.05322265625,5884.0810546875,5777.05322265625,5865.7412109375,53857800
2018-11-13,5835.1982421875,5850.376953125,5747.53076171875,5754.59814453125,58918000
2018-11-14,5858.29296875,5896.8017578125,5851.79296875,5857.72119140625,72751500
2018-11-15,5955.73583984375,5960.39892578125,5880.212890625,5885.216796875,60149800
2018-11-16,6012.35009765625,6058.8251953125,5968.673828125,5975.11083984375,61140800
2018-11-19,6005.296875,6036.98876953125,5974.134765625,6028.3369140625,56032100
2018-11-21,5948.0517578125,5978.59521484375,5908.0029296875,5942.19921875,62393500
2018-11-22,5990.81005859375,5997.63720703125,5936.6611328125,5936.6611328125,76590600
2018-11-23,6006.2021484375,6017.4580078125,5971.98876953125,5998.02783203125,62607300
2018-11-26,6022.77783203125,6025.9912109375,5990.98486328125,5997.73291015625,67223700
2018-11-27,6013.5888671875,6034.18408203125,5992.8837890625,6002.39111328125,69182000
2018-11-28,5991.24609375,6030.89599609375,5990.34521484375,6027.58203125,72385300
2018-11-29,6107.16796875,6107.16796875,6029.6611328125,6030.73876953125,71888500
2018-11-30,6056.1240234375,6117.19482421875,6056.1240234375,6104.63720703125,104904600
2018-12-03,6118.31982421875,6157.30078125,6101.7431640625,6118.06396484375,84784300
2018-12-04,6152.85986328125,6152.85986328125,6118.46923828125,6118.6337890625,65189800
2018-12-05,6133.1201171875,6133.1201171875,6064.83203125,6097.64404296875,67897200
2018-12-06,6115.4931640625,6131.6318359375,6086.1318359375,6095.0068359375,65929300
2018-12-07,6126.35595703125,6141.47021484375,6103.1767578125,6108.9501953125,66079200
2018-12-10,6111.35986328125,6121.78076171875,6078.6318359375,6103.09716796875,56866400
2018-12-11,6076.5869140625,6106.98486328125,6069.1611328125,6095.34912109375,71781900
2018-12-12,6115.5771484375,6118.22607421875,6084.3388671875,6097.73095703125,79263500
2018-12-13,6177.72021484375,6186.046875,6139.33203125,6140.8759765625,82093700
2018-12-14,6169.8427734375,6185.47998046875,6160.35205078125,6178.56689453125,61924800
2018-12-17,6089.30517578125,6174.22021484375,6089.30517578125,6163.6279296875,61873200
2018-12-18,6081.8671875,6081.8671875,6014.794921875,6056.23291015625,60526100
2018-12-19,6176.09423828125,6176.09423828125,6076.22119140625,6076.294921875,82872200
2018-12-20,6147.8759765625,6160.4130859375,6112.05517578125,6144.93603515625,64812900
2018-12-21,6163.59619140625,6165.2841796875,6110.60986328125,6117.8359375,59446800
2018-12-26,6127.85009765625,6144.60498046875,6094.412109375,6126.65283203125,53220400
2018-12-27,6190.64306640625,6191.703125,6157.65283203125,6173.51806640625,65545500
2018-12-28,6194.498046875,6212.125,6176.630859375,6200.296875,69954900
2019-01-02,6181.1748046875,6205.89501953125,6164.833984375,6197.87109375,52797800
2019-01-03,6221.009765625,6221.009765625,6176.15185546875,6176.15185546875,72166700
2019-01-04,6274.5400390625,6274.5400390625,6200.85400390625,6211.09619140625,80858100
2019-01-07,6287.22412109375,6354.7578125,6287.22412109375,6317.6259765625,90278300
2019-01-08,6262.84716796875,6316.240234375,6251.3759765625,6292.26318359375,90537400
2019-01-09,6272.23779296875,6311.5791015625,6265.326171875,6296.115234375,105604200
2019-01-10,6328.7138671875,6328.7138671875,6268.5078125,6293.9580078125,122462300
2019-01-11,6361.46484375,6361.46484375,6337.5478515625,6347.97314453125,78112000
2019-01-14,6336.1162109375,6359.875,6302.39599609375,6351.3291015625,79731000
2019-01-15,6408.7841796875,6408.7841796875,6333.64404296875,6347.10107421875,95139900
2019-01-16,6413.35986328125,6425.94091796875,6385.58984375,6417.130859375,104252800
2019-01-17,6423.77978515625,6457.73486328125,6410.9501953125,6421.4072265625,99214400
2019-01-18,6448.15576171875,6452.55810546875,6409.09521484375,6444.212890625,77604300
2019-01-21,6450.833984375,6472.14990234375,6438.90087890625,6448.5361328125,101769000
2019-01-22,6468.56201171875,6468.56201171875,6416.5927734375,6452.60400390625,100776200
2019-01-23,6451.169921875,6484.19580078125,6449.919921875,6452.90576171875,109468500
2019-01-24,6466.65478515625,6478.8837890625,6446.58203125,6451.2568359375,120391000
2019-01-25,6482.8427734375,6498.333984375,6470.123046875,6474.1591796875,92035400
2019-01-28,6458.7119140625,6501.0859375,6433.81982421875,6488.90185546875,95548600
2019-01-29,6436.47998046875,6485.2470703125,6428.47021484375,6454.47314453125,73064200
2019-01-30,6464.18896484375,6464.9267578125,6435.41796875,6445.4091796875,78683300
2019-01-31,6532.96923828125,6544.47900390625,6491.38916015625,6491.38916015625,104349100
2019-02-01,6538.63818359375,6581.73193359375,6516.43603515625,6552.05712890625,88866200
2019-02-04,6481.451171875,6555.98681640625,6479.0498046875,6540.77392578125,89042000
2019-02-06,6547.876953125,6552.216796875,6503.578125,6503.578125,106799500
2019-02-07,6536.45703125,6563.98193359375,6517.22509765625,6556.115234375,115112600
2019-02-08,6521.6630859375,6526.8662109375,6498.96484375,6513.7431640625,96579400
2019-02-11,6495.001953125,6535.17822265625,6494.125,6523.7021484375,94974200
2019-02-12,6426.3251953125,6513.10205078125,6392.23681640625,6503.05078125,118209700
2019-02-13,6419.1162109375,6456.57080078125,6398.89208984375,6445.17919921875,122590200
2019-02-14,6420.01806640625,6446.3359375,6402.43017578125,6429.1318359375,117183600
2019-02-15,6389.0849609375,6433.68505859375,6374.89892578125,6425.81396484375,98204900
2019-02-18,6497.81494140625,6501.02783203125,6425.9169921875,6428.27587890625,97765700
2019-02-19,6494.6669921875,6534.0078125,6493.30908203125,6500.701171875,98372900
2019-02-20,6512.7841796875,6552.15185546875,6483.07080078125,6521.80810546875,110588600
2019-02-21,6537.76611328125,6539.06787109375,6498.990234375,6510.5732421875,102022900
2019-02-22,6501.3779296875,6530.22021484375,6481.47509765625,6518.18798828125,101594400
2019-02-25,6525.35791015625,6538.4912109375,6507.9248046875,6522.31005859375,95685700
2019-02-26,6540.9501953125,6540.9501953125,6497.7578125,6527.72119140625,111994800
2019-02-27,6525.68310546875,6539.28515625,6499.81494140625,6532.0390625,89352100
2019-02-28,6443.34814453125,6526.93310546875,6433.244140625,6526.93310546875,100223700
2019-03-01,6499.8837890625,6505.09619140625,6466.1572265625,6468.6201171875,78269700
2019-03-04,6488.419921875,6537.23095703125,6487.85302734375,6508.26416015625,89179000
2019-03-05,6441.27978515625,6485.64404296875,6409.337890625,6485.580078125,82023100
2019-03-06,6457.9560546875,6473.01220703125,6424.2578125,6460.80712890625,91098200
2019-03-08,6383.06787109375,6442.2041015625,6381.73095703125,6439.8408203125,92588600
2019-03-11,6366.43408203125,6420.7822265625,6366.0390625,6418.8828125,97316700
2019-03-12,6353.77392578125,6404.43017578125,6339.9677734375,6395.880859375,84514000
2019-03-13,6377.5751953125,6377.5751953125,6337.8740234375,6343.12109375,100029400
2019-03-14,6413.26611328125,6413.26611328125,6372.96484375,6374.9169921875,96692700
2019-03-15,6461.18310546875,6489.19482421875,6419.64404296875,6420.18212890625,122938800
2019-03-18,6509.44677734375,6509.44677734375,6477.2880859375,6481.5927734375,105004500
2019-03-19,6480.27587890625,6522.205078125,6473.2861328125,6515.56103515625,113972800
2019-03-20,6482.7099609375,6498.42578125,6463.94384765625,6486.8828125,106335600
2019-03-21,6501.77587890625,6515.97119140625,6484.31298828125,6499.27197265625,120956200
2019-03-22,6525.27392578125,6525.27392578125,6491.90478515625,6510.85205078125,129537900
2019-03-25,6411.2509765625,6474.64794921875,6391.51904296875,6473.85595703125,105721300
2019-03-26,6469.9990234375,6478.0478515625,6439.58203125,6440.916015625,85932800
2019-03-27,6444.73779296875,6485.42578125,6443.97412109375,6480.55712890625,90444600
2019-03-28,6480.7880859375,6480.7880859375,6445.35888671875,6460.48681640625,92075400
2019-03-29,6468.7548828125,6485.958984375,6440.9169921875,6480.98291015625,102927100
2019-04-01,6452.61083984375,6492.9111328125,6444.84423828125,6485.72119140625,93229400
2019-04-02,6476.06591796875,6490.0732421875,6454.98388671875,6476.623046875,97657900
2019-04-04,6494.6298828125,6505.798828125,6480.0751953125,6489.78515625,115935300
2019-04-05,6474.01806640625,6506.80078125,6473.955078125,6501.09912109375,104044400
2019-04-08,6425.73388671875,6484.14794921875,6390.7099609375,6480.18408203125,104784600
2019-04-09,6484.34814453125,6484.39013671875,6429.53515625,6434.6181640625,103220100
2019-04-10,6478.326171875,6487.755859375,6456.666015625,6476.77978515625,85785100
2019-04-11,6410.166015625,6472.72998046875,6410.166015625,6468.255859375,98465700
2019-04-12,6405.8662109375,6422.27197265625,6394.9140625,6395.0732421875,115690900
2019-04-15,6435.15087890625,6442.0341796875,6415.115234375,6426.90478515625,89372600
2019-04-16,6481.541015625,6485.12109375,6438.39697265625,6440.72119140625,113905400
2019-04-18,6507.22119140625,6636.33203125,6487.22705078125,6568.84521484375,112896400
2019-04-22,6414.7431640625,6516.2421875,6410.0390625,6511.0859375,94956300
2019-04-23,6462.82177734375,6482.81884765625,6415.455078125,6420.1630859375,105904400
2019-04-24,6447.884765625,6472.52783203125,6433.97216796875,6460.26513671875,95981100
2019-04-25,6372.787109375,6431.591796875,6353.283203125,6423.837890625,95830800
2019-04-26,6401.080078125,6401.080078125,6321.66015625,6349.923828125,84764000
2019-04-29,6425.89501953125,6428.34423828125,6376.705078125,6388.3818359375,87784100
2019-04-30,6455.35205078125,6457.82177734375,6428.251953125,6437.97509765625,94646800
2019-05-02,6374.421875,6465.77294921875,6363.0400390625,6458.12109375,105193000
2019-05-03,6319.458984375,6367.6201171875,6261.25,6366.75,93047100
2019-05-06,6256.35205078125,6263.0869140625,6207.623046875,6254.81103515625,76667800
2019-05-07,6297.31787109375,6310.93994140625,6268.31982421875,6271.9619140625,99893700
2019-05-08,6270.2021484375,6270.8837890625,6231.36279296875,6260.69677734375,92019200
2019-05-09,6198.80419921875,6259.626953125,6195.38623046875,6242.18017578125,92161300
2019-05-10,6209.1181640625,6232.6640625,6149.22021484375,6203.10302734375,83315100
2019-05-13,6135.39599609375,6238.26220703125,6135.39599609375,6225.39501953125,73081800
2019-05-14,6071.2021484375,6101.08984375,6033.6181640625,6081.40185546875,102612300
2019-05-15,5980.884765625,6107.43994140625,5980.884765625,6091.64306640625,90189500
2019-05-16,5895.73779296875,6009.6279296875,5889.55517578125,5969.85595703125,90700800
2019-05-17,5826.8681640625,5936.97021484375,5826.8681640625,5930.26904296875,88536300
2019-05-20,5907.12109375,5930.15478515625,5767.40087890625,5822.47412109375,88516800
2019-05-21,5951.3720703125,5996.5400390625,5925.416015625,5925.416015625,88868800
2019-05-22,5939.63623046875,5966.7978515625,5918.89990234375,5948.3828125,73752300
2019-05-23,6032.69580078125,6044.57177734375,5942.171875,5944.0322265625,80007700
2019-05-24,6057.35302734375,6080.19189453125,6037.080078125,6042.5751953125,94909100
2019-05-27,6098.97412109375,6114.53076171875,6054.76806640625,6056.4140625,79120000
2019-05-28,6033.14208984375,6118.90576171875,6033.14208984375,6101.8427734375,107550600
2019-05-29,6104.10595703125,6112.43115234375,6054.57080078125,6059.53076171875,79068400
2019-05-31,6209.1171875,6209.1171875,6110.47802734375,6110.52001953125,94994300
2019-06-10,6289.60986328125,6334.64501953125,6276.27978515625,6277.29296875,94734500
2019-06-11,6305.9921875,6310.0,6255.26416015625,6286.7998046875,86434200
2019-06-12,6276.1767578125,6296.81787109375,6257.43896484375,6270.35205078125,90308800
2019-06-13,6273.08203125,6284.4580078125,6250.1171875,6282.60791015625,95630400
2019-06-14,6250.26513671875,6294.64892578125,6234.98583984375,6278.02587890625,86134100
2019-06-17,6190.52490234375,6263.4990234375,6190.52490234375,6259.53515625,94608600
2019-06-18,6257.330078125,6257.330078125,6195.1337890625,6195.1337890625,94426600
2019-06-19,6339.26220703125,6339.26220703125,6289.4521484375,6289.4521484375,104524400
2019-06-20,6335.6982421875,6357.4599609375,6311.251953125,6346.01318359375,93519900
2019-06-21,6315.43603515625,6352.52880859375,6269.69091796875,6343.48193359375,111701800
2019-06-24,6288.46484375,6320.53515625,6280.22216796875,6307.9267578125,113990600
2019-06-25,6320.44482421875,6327.98193359375,6308.0029296875,6312.10107421875,104114600
2019-06-26,6310.48876953125,6334.17919921875,6303.34912109375,6323.81103515625,117335500
2019-06-27,6352.7099609375,6357.92822265625,6320.08984375,6324.69287109375,99586800
2019-06-28,6358.62890625,6377.35009765625,6351.505859375,6367.01806640625,106200900
2019-07-01,6379.68798828125,6395.6259765625,6369.19287109375,6381.18115234375,128295500
2019-07-02,6384.89794921875,6394.4541015625,6365.3720703125,6388.22216796875,128839600
2019-07-03,6362.6220703125,6385.373046875,6334.748046875,6362.9580078125,115118100
2019-07-04,6375.966796875,6385.12890625,6359.4150390625,6364.06787109375,138923400
2019-07-05,6373.47705078125,6386.64404296875,6362.9248046875,6373.31787109375,132400300
2019-07-08,6351.8271484375,6367.36181640625,6324.72119140625,6360.2138671875,106782100
2019-07-09,6388.3232421875,6388.3232421875,6351.4228515625,6351.48486328125,120669200
2019-07-10,6410.68310546875,6412.82421875,6393.18994140625,6393.18994140625,116571800
2019-07-11,6417.06591796875,6434.908203125,6397.22216796875,6424.62890625,123096800
2019-07-12,6373.34521484375,6425.31787109375,6369.49609375,6414.1982421875,132748400
2019-07-15,6418.23388671875,6439.19287109375,6405.4501953125,6408.30810546875,138330000
2019-07-16,6401.8798828125,6428.26806640625,6389.39794921875,6414.72900390625,120399800
2019-07-17,6394.60888671875,6403.5009765625,6377.5029296875,6395.4638671875,142137300
2019-07-18,6403.2939453125,6407.2568359375,6375.6171875,6385.05810546875,150696400
2019-07-19,6456.5390625,6456.5390625,6417.44287109375,6417.44287109375,129678900
2019-07-22,6433.546875,6468.2470703125,6420.34912109375,6461.4111328125,125797900
2019-07-23,6403.81005859375,6454.0888671875,6396.6748046875,6443.7109375,129238000
2019-07-24,6384.98681640625,6419.22119140625,6380.01123046875,6413.31982421875,149335200
2019-07-25,6401.365234375,6412.71484375,6386.291015625,6392.38818359375,124582800
2019-07-26,6325.23681640625,6385.587890625,6314.41015625,6379.2041015625,122282900
2019-07-29,6299.03515625,6349.3671875,6283.60205078125,6336.84521484375,126988300
2019-07-30,6376.99609375,6376.99609375,6317.0361328125,6317.5732421875,127506100
2019-07-31,6390.5048828125,6390.5048828125,6348.9970703125,6362.10888671875,114214500
2019-08-01,6381.5419921875,6404.5810546875,6372.705078125,6385.26416015625,107634100
2019-08-02,6340.18017578125,6353.11083984375,6317.27099609375,6341.123046875,93321300
2019-08-05,6175.703125,6315.06298828125,6175.703125,6311.1640625,122385300
2019-08-06,6119.47119140625,6157.76220703125,6022.59912109375,6105.0908203125,113648900
2019-08-07,6204.19482421875,6221.6611328125,6153.64404296875,6155.828125,115751900
2019-08-08,6274.6708984375,6281.10009765625,6224.89794921875,6224.89794921875,108941500
2019-08-09,6282.1318359375,6319.43994140625,6280.66796875,6300.0927734375,102271800
2019-08-12,6250.59521484375,6309.10205078125,6245.27685546875,6300.6728515625,98246100
2019-08-13,6210.9619140625,6251.30810546875,6198.06591796875,6251.30810546875,106057400
2019-08-14,6267.3349609375,6274.5751953125,6240.2041015625,6255.509765625,116897700
2019-08-15,6257.5859375,6257.5859375,6161.6650390625,6192.4560546875,118749900
2019-08-16,6286.6572265625,6292.375,6235.701171875,6264.3798828125,122425200
2019-08-19,6296.71484375,6329.73876953125,6284.77587890625,6310.6328125,107478400
2019-08-20,6295.73779296875,6317.69091796875,6279.56494140625,6311.9072265625,115615800
2019-08-21,6252.966796875,6308.35205078125,6247.990234375,6290.81103515625,97455300
2019-08-22,6239.2451171875,6265.95703125,6210.537109375,6257.55615234375,102340600
2019-08-23,6255.59716796875,6255.59716796875,6204.18798828125,6228.1298828125,104137900
2019-08-26,6214.509765625,6230.31494140625,6149.02001953125,6193.23095703125,120581400
2019-08-27,6278.1708984375,6289.884765625,6223.744140625,6244.5732421875,117748900
2019-08-28,6281.64599609375,6306.3291015625,6267.19482421875,6289.65087890625,107048900
2019-08-29,6289.119140625,6306.89599609375,6276.4208984375,6288.18603515625,111978400
2019-08-30,6328.47021484375,6329.8837890625,6305.037109375,6316.119140625,132856400
2019-09-02,6290.5458984375,6338.11279296875,6281.60498046875,6331.14794921875,126521700
2019-09-03,6261.58984375,6310.630859375,6248.796875,6293.36181640625,122848800
2019-09-04,6269.6640625,6273.60400390625,6239.0009765625,6266.76416015625,111903900
2019-09-05,6306.80322265625,6307.34814453125,6281.9541015625,6294.283203125,110321300
2019-09-06,6308.9501953125,6336.912109375,6305.01708984375,6329.412109375,114218400
2019-09-09,6326.212890625,6333.89697265625,6306.73583984375,6328.2822265625,109132800
2019-09-10,6336.6728515625,6342.005859375,6311.3408203125,6331.72607421875,113186400
2019-09-11,6381.9541015625,6381.9541015625,6328.68798828125,6334.591796875,136654000
2019-09-12,6342.173828125,6414.48388671875,6337.52392578125,6398.9951171875,111986600
2019-09-13,6334.8427734375,6375.80419921875,6318.919921875,6369.4228515625,106712000
2019-09-16,6219.43505859375,6266.14013671875,6193.51318359375,6262.2880859375,102809600
2019-09-17,6236.68994140625,6240.34814453125,6205.3017578125,6215.23681640625,112446500
2019-09-18,6276.6328125,6276.6328125,6236.47607421875,6238.705078125,108718500
2019-09-19,6244.47021484375,6282.06298828125,6242.89306640625,6274.17822265625,106914500
2019-09-20,6231.47314453125,6256.82177734375,6213.2431640625,6248.97412109375,134219300
2019-09-23,6206.19921875,6247.5771484375,6197.38818359375,6240.14404296875,118747800
2019-09-24,6137.60791015625,6194.58984375,6115.9501953125,6188.76904296875,90097100
2019-09-25,6146.40380859375,6146.40380859375,6086.001953125,6121.490234375,91732400
2019-09-26,6230.333984375,6230.333984375,6165.92578125,6168.66796875,105163800
2019-09-27,6196.88916015625,6219.77001953125,6191.6640625,6213.93212890625,112420600
2019-09-30,6169.10205078125,6195.72802734375,6152.49609375,6190.3720703125,93299700
2019-10-01,6138.25,6176.60595703125,6134.77001953125,6163.97900390625,99171900
2019-10-02,6055.4248046875,6153.99609375,6051.68798828125,6124.44287109375,116223100
2019-10-03,6038.52880859375,6050.60400390625,5997.69189453125,6033.02685546875,121133700
2019-10-04,6061.251953125,6076.56005859375,6046.1298828125,6052.7470703125,111920200
2019-10-07,6000.58203125,6084.1650390625,5988.8720703125,6077.740234375,127549800
2019-10-08,6039.60107421875,6046.4580078125,6009.3818359375,6021.69287109375,124640500
2019-10-09,6029.16015625,6047.79296875,6017.35986328125,6030.458984375,111759600
2019-10-10,6023.64111328125,6044.11376953125,6018.44580078125,6023.97607421875,89240100
2019-10-11,6105.7998046875,6109.1181640625,6033.32177734375,6033.32177734375,105411100
2019-10-14,6126.876953125,6153.578125,6099.23876953125,6129.23388671875,118521000
2019-10-15,6158.166015625,6158.166015625,6118.26220703125,6130.2998046875,118739300
2019-10-16,6169.591796875,6183.583984375,6143.84619140625,6170.56201171875,114463100
2019-10-17,6181.01416015625,6197.93505859375,6161.39208984375,6169.90380859375,119164000
2019-10-18,6191.94677734375,6201.1748046875,6178.498046875,6185.21484375,125611600
2019-10-21,6198.98681640625,6228.22705078125,6187.36083984375,6207.88916015625,146413800
2019-10-22,6225.4970703125,6229.39892578125,6178.55517578125,6207.4921875,114083500
2019-10-23,6257.80615234375,6257.80615234375,6197.9541015625,6224.41796875,135886700
2019-10-24,6339.64697265625,6339.64697265625,6270.18603515625,6271.51416015625,130619300
2019-10-25,6252.34521484375,6348.31494140625,6243.24609375,6342.60888671875,151346100
2019-10-28,6265.3837890625,6278.1630859375,6243.34912109375,6256.7900390625,145042900
2019-10-29,6281.13818359375,6281.13818359375,6245.93798828125,6267.68017578125,148492100
2019-10-30,6295.7470703125,6304.0498046875,6264.93896484375,6302.087890625,139603200
2019-10-31,6228.31689453125,6301.5927734375,6216.2900390625,6290.56689453125,163955700
2019-11-01,6207.19091796875,6228.4111328125,6193.88720703125,6225.81494140625,142104600
2019-11-04,6180.34423828125,6242.083984375,6180.34423828125,6219.126953125,103975100
2019-11-05,6264.15185546875,6264.15185546875,6195.30419921875,6204.43896484375,95988100
2019-11-06,6217.544921875,6274.2919921875,6198.49609375,6273.91796875,70278100
2019-11-07,6165.6240234375,6235.63818359375,6119.4208984375,6234.60400390625,67284200
2019-11-08,6177.98583984375,6180.19921875,6139.8232421875,6165.76611328125,60698400
2019-11-11,6148.740234375,6182.81591796875,6127.876953125,6171.43701171875,47286600
2019-11-12,6180.9921875,6180.9921875,6133.5341796875,6135.4931640625,57719100
2019-11-13,6142.5009765625,6183.8271484375,6132.2529296875,6177.66015625,51900400
2019-11-14,6098.9501953125,6146.39794921875,6062.97998046875,6137.53515625,72169800
2019-11-15,6128.34521484375,6137.35595703125,6092.6162109375,6115.7587890625,46157800
2019-11-18,6122.625,6134.31494140625,6098.0810546875,6126.4130859375,47079600
2019-11-19,6152.08984375,6152.08984375,6113.3330078125,6136.93701171875,51414200
2019-11-20,6155.10888671875,6167.4111328125,6123.5849609375,6136.2529296875,51663000
2019-11-21,6117.36376953125,6137.27099609375,6099.56787109375,6135.76416015625,50800300
2019-11-22,6100.2421875,6122.48095703125,6086.8271484375,6115.791015625,51362000
2019-11-25,6070.76220703125,6105.09716796875,6052.26513671875,6094.748046875,48496000
2019-11-26,6026.18798828125,6096.6611328125,6026.18798828125,6091.23779296875,81161800
2019-11-27,6023.0390625,6052.4921875,6002.98779296875,6025.94091796875,57364300
2019-11-28,5953.06005859375,6036.828125,5945.75,6013.27099609375,51713900
2019-11-29,6011.830078125,6015.69921875,5939.40380859375,5949.8837890625,51024700
2019-12-02,6130.05517578125,6130.05517578125,6023.009765625,6023.61181640625,52565500
2019-12-03,6133.89599609375,6148.3662109375,6107.64208984375,6119.90185546875,52634500
2019-12-04,6112.87890625,6127.97705078125,6095.30615234375,6121.3330078125,50339400
2019-12-05,6152.1171875,6157.93115234375,6131.5888671875,6132.0390625,52261600
2019-12-06,6186.8681640625,6186.8681640625,6145.119140625,6160.783203125,49098600
2019-12-09,6193.791015625,6210.77880859375,6180.8369140625,6194.08203125,54834500
2019-12-10,6183.5048828125,6205.1337890625,6179.51806640625,6186.7529296875,51058500
2019-12-11,6180.09912109375,6204.60400390625,6171.9267578125,6190.5771484375,49556800
2019-12-12,6139.39697265625,6201.02392578125,6139.39697265625,6185.41796875,51845400
2019-12-13,6197.31787109375,6197.31787109375,6167.64013671875,6181.05517578125,48546800
2019-12-16,6211.591796875,6237.916015625,6197.31396484375,6197.31396484375,55299700
2019-12-17,6244.35205078125,6244.35205078125,6205.6279296875,6223.44287109375,53264500
2019-12-18,6287.25,6287.25,6287.25,6287.25,0
2019-12-19,6249.93017578125,6281.416015625,6235.84423828125,6274.38818359375,47624800
2019-12-20,6284.3720703125,6284.3720703125,6231.4658203125,6257.16015625,52766200
2019-12-23,6305.91015625,6315.72119140625,6270.5390625,6309.6708984375,39077900
2019-12-26,6319.44287109375,6326.26806640625,6303.05908203125,6303.05908203125,33608900
2019-12-27,6329.31396484375,6337.3359375,6312.380859375,6321.56884765625,42100200
2019-12-30,6299.5390625,6336.919921875,6289.546875,6329.134765625,47557400
